{"cameraMode":{"drawMode":0,"name":"Shaded","section":"Shading Mode"},"sceneLighting":true,"audioPlay":false,"sceneViewState":{"showFog":true,"showMaterialUpdate":false,"showSkybox":true,"showFlares":true,"showImageEffects":true,"showParticleSystems":true,"showVisualEffectGraphs":true,"m_FxEnabled":true},"in2DMode":false,"pivot":{"x":-1.9000015258789063,"y":85.86676025390625,"z":20.199996948242189},"rotation":{"x":0.03209187090396881,"y":0.016490664333105089,"z":-0.0005312539869919419,"w":0.9993550181388855},"size":287.5517578125,"orthographic":false}